<?xml version="1.0" encoding="utf-8"?>
<ExcludeRes xmlns:xsi="http://www.w3.org/2001/XMLSchema-instance" xmlns:xsd="http://www.w3.org/2001/XMLSchema">
  <langs>en,ru,rRU,uk</langs>
  <quals>ldrtl,ldltr,sw360dp,sw600dp,sw720dp,anydpi,small,normal,large,xlarge,port,land,long,notlong,night,notnight,mdpi,hdpi,xhdpi,xxhdpi,xxxhdpi,nodpi,v1,v2,v3,v4,v5,v6,v7,v8,v9,v10,v11,v12,v13,v14,v15,v16,v17,v18,v19,v20,v21,v22,v23,v24,v25,v26,v27,v28,v29</quals>
  <libs>armeabi-v7a,armeabi</libs>
  <basis>xhdpi</basis>
  <animator>false</animator>
  <anim>false</anim>
  <font>false</font>
  <color>false</color>
  <drawable>false</drawable>
  <mipmap>false</mipmap>
  <layout>false</layout>
  <lib>false</lib>
  <menu>false</menu>
  <raw>false</raw>
  <values>true</values>
  <xml>false</xml>
</ExcludeRes>