<?xml version="1.0" encoding="utf-8"?>
<Sensors xmlns:xsi="http://www.w3.org/2001/XMLSchema-instance" xmlns:xsd="http://www.w3.org/2001/XMLSchema">
  <ACCELEROMETER>false</ACCELEROMETER>
  <ACCELEROMETER_UNCALIBRATED>false</ACCELEROMETER_UNCALIBRATED>
  <ALL>false</ALL>
  <AMBIENT_TEMPERATURE>false</AMBIENT_TEMPERATURE>
  <DEVICE_PRIVATE_BASE>false</DEVICE_PRIVATE_BASE>
  <GAME_ROTATION_VECTOR>false</GAME_ROTATION_VECTOR>
  <GEOMAGNETIC_ROTATION_VECTOR>false</GEOMAGNETIC_ROTATION_VECTOR>
  <GRAVITY>false</GRAVITY>
  <GYROSCOPE>false</GYROSCOPE>
  <GYROSCOPE_UNCALIBRATED>false</GYROSCOPE_UNCALIBRATED>
  <HEART_BEAT>false</HEART_BEAT>
  <HEART_RATE>false</HEART_RATE>
  <LIGHT>false</LIGHT>
  <LINEAR_ACCELERATION>false</LINEAR_ACCELERATION>
  <LOW_LATENCY_OFFBODY_DETECT>false</LOW_LATENCY_OFFBODY_DETECT>
  <MAGNETIC_FIELD>false</MAGNETIC_FIELD>
  <MAGNETIC_FIELD_UNCALIBRATED>false</MAGNETIC_FIELD_UNCALIBRATED>
  <MOTION_DETECT>false</MOTION_DETECT>
  <ORIENTATION>false</ORIENTATION>
  <POSE_6DOF>false</POSE_6DOF>
  <PRESSURE>false</PRESSURE>
  <PROXIMITY>false</PROXIMITY>
  <RELATIVE_HUMIDITY>false</RELATIVE_HUMIDITY>
  <ROTATION_VECTOR>false</ROTATION_VECTOR>
  <SIGNIFICANT_MOTION>false</SIGNIFICANT_MOTION>
  <STATIONARY_DETECT>false</STATIONARY_DETECT>
  <STEP_COUNTER>false</STEP_COUNTER>
  <STEP_DETECTOR>false</STEP_DETECTOR>
  <TEMPERATURE>false</TEMPERATURE>
</Sensors>