﻿<?xml version="1.0" encoding="utf-8"?>
<root>
  <box>
    <boxItem name="AddToastMessage">:::Patched by AllinOne:::</boxItem>
  </box>
  <menu>
    <menuitem checked="False" position="">themesLCB</menuitem>
    <menuitem checked="False" position="">themesLHMACB</menuitem>
    <menuitem checked="False" position="">themesDCB</menuitem>
    <menuitem checked="False" position="">themesDHMACB</menuitem>
    <menuitem checked="False" position="">splashInstallCB</menuitem>
    <menuitem checked="False" position="">splashRemoveCB</menuitem>
    <menuitem checked="False" position="">blockSensorsCB</menuitem>
    <menuitem checked="False" position="">cloneCB</menuitem>
    <menuitem checked="False" position="">installLocationCB</menuitem>
    <menuitem checked="False" position="">addSaveCB</menuitem>
    <menuitem checked="False" position="">minSdkCB</menuitem>
    <menuitem checked="False" position="">fullscreenCB</menuitem>
    <menuitem checked="False" position="">addToastCB</menuitem>
    <menuitem checked="False" position="">rootCheckCB</menuitem>
    <menuitem checked="False" position="">hideIconCB</menuitem>
    <menuitem checked="False" position="">noUpdateCB</menuitem>
    <menuitem checked="False" position="">mockLocationCB</menuitem>
    <menuitem checked="False" position="">googleMapsCB</menuitem>
    <menuitem checked="False" position="">dexCB</menuitem>
    <menuitem checked="False" position="">reflectionLogCB</menuitem>
    <menuitem checked="False" position="">licenseGoogleCB</menuitem>
    <menuitem checked="False" position="">licenseAmazonCB</menuitem>
    <menuitem checked="False" position="">installerGoogleCB</menuitem>
    <menuitem checked="False" position="">installerAmazonCB</menuitem>
    <menuitem checked="False" position="">binSignatureCB</menuitem>
    <menuitem checked="False" position="">binSignatureInstallerCB</menuitem>
    <menuitem checked="False" position="">deleteResourcesCB</menuitem>
    <menuitem checked="False" position="">emulatorCB</menuitem>
    <menuitem checked="False" position="">locationCB</menuitem>
    <menuitem checked="False" position="">gmsCB</menuitem>
    <menuitem checked="False" position="">autostartCB</menuitem>
    <menuitem checked="False" position="">internetCB</menuitem>
    <menuitem checked="False" position="">allToastsCB</menuitem>
    <menuitem checked="False" position="">analyticFirebaseCB</menuitem>
    <menuitem checked="False" position="">analyticMethodCB</menuitem>
    <menuitem checked="False" position="">analyticLinksCB</menuitem>
    <menuitem checked="False" position="">analyticServiceCB</menuitem>
    <menuitem checked="False" position="">analyticReceiverCB</menuitem>
    <menuitem checked="False" position="">analyticActivityCB</menuitem>
    <menuitem checked="False" position="">analyticLayoutCB</menuitem>
    <menuitem checked="False" position="">idCB</menuitem>
    <menuitem checked="False" position="">deviceNameCB</menuitem>
    <menuitem checked="False" position="">imeiCB</menuitem>
    <menuitem checked="False" position="">deviceIdCB</menuitem>
    <menuitem checked="False" position="">countryIsoCB</menuitem>
    <menuitem checked="False" position="">allManualCB</menuitem>
    <menuitem checked="False" position="">wifiMacAddressCB</menuitem>
    <menuitem checked="False" position="">gpsCB</menuitem>
    <menuitem checked="False" position="">androidIdCB</menuitem>
    <menuitem checked="False" position="">subscriberIdCB</menuitem>
    <menuitem checked="False" position="">timeCB</menuitem>
    <menuitem checked="False" position="">accountCB</menuitem>
    <menuitem checked="False" position="">modelCB</menuitem>
    <menuitem checked="False" position="">operatorCB</menuitem>
    <menuitem checked="False" position="">allAutoCB</menuitem>
    <menuitem checked="False" position="">brandCB</menuitem>
    <menuitem checked="False" position="">bluetoothMacAddressCB</menuitem>
    <menuitem checked="False" position="">simSerialNumberCB</menuitem>
    <menuitem checked="False" position="">operatorNameCB</menuitem>
    <menuitem checked="False" position="">bssidCB</menuitem>
    <menuitem checked="False" position="">serialCB</menuitem>
    <menuitem checked="False" position="">deviceCB</menuitem>
    <menuitem checked="False" position="">productCB</menuitem>
    <menuitem checked="False" position="">bluetoothAddressCB</menuitem>
    <menuitem checked="False" position="">manufacturerCB</menuitem>
    <menuitem checked="False" position="">boardCB</menuitem>
    <menuitem checked="False" position="">ipCB</menuitem>
  </menu>
  <replace>
    <item name="idTBox">
    </item>
    <item name="deviceNameTBox">
    </item>
    <item name="imeiTBox">
    </item>
    <item name="countryIsoTBox">
    </item>
    <item name="operatorNameTBox">
    </item>
    <item name="operatorTBox">
    </item>
    <item name="gpsLatitudeTBox">
    </item>
    <item name="productTBox">
    </item>
    <item name="deviceIdTBox">
    </item>
    <item name="subscriderIdTBox">
    </item>
    <item name="gpsLongitudeTBox">
    </item>
    <item name="manufacturerTBox">
    </item>
    <item name="modelTBox">
    </item>
    <item name="brandTBox">
    </item>
    <item name="ipTBox">
    </item>
    <item name="boardTBox">
    </item>
    <item name="wifiMacTBox">
    </item>
    <item name="serialTBox">
    </item>
    <item name="deviceTBox">
    </item>
    <item name="androidIdTBox">
    </item>
    <item name="simSerialNumberTBox">
    </item>
    <item name="bluetoothAddressTBox">
    </item>
    <item name="bssidTBox">
    </item>
    <item name="timeTBox">
    </item>
    <item name="accountTBox">
    </item>
    <item name="bluetoothMacTBox">
    </item>
  </replace>
</root>